{
  "layer_0": {
    "block_0": {
      "Q": 0.546875,
      "K": 0.5625,
      "V": 0.625
    },
    "block_1": {
      "Q": 0.578125,
      "K": 0.609375,
      "V": 0.65625
    }
  },
  "layer_1": {
    "block_0": {
      "Q": 0.5703125,
      "K": 0.5625,
      "V": 0.625
    },
    "block_1": {
      "Q": 0.59375,
      "K": 0.59375,
      "V": 0.6484375
    }
  },
  "layer_2": {
    "block_0": {
      "Q": 0.57421875,
      "K": 0.5703125,
      "V": 0.609375
    },
    "block_1": {
      "Q": 0.6171875,
      "K": 0.62109375,
      "V": 0.65234375
    },
    "block_2": {
      "Q": 0.62109375,
      "K": 0.6328125,
      "V": 0.6875
    },
    "block_3": {
      "Q": 0.62890625,
      "K": 0.63671875,
      "V": 0.69921875
    },
    "block_4": {
      "Q": 0.62890625,
      "K": 0.63671875,
      "V": 0.70703125
    },
    "block_5": {
      "Q": 0.640625,
      "K": 0.64453125,
      "V": 0.703125
    },
    "block_6": {
      "Q": 0.63671875,
      "K": 0.6484375,
      "V": 0.703125
    },
    "block_7": {
      "Q": 0.62890625,
      "K": 0.6328125,
      "V": 0.703125
    }
  },
  "layer_3": {
    "block_0": {
      "Q": 0.57421875,
      "K": 0.591796875,
      "V": 0.609375
    },
    "block_1": {
      "Q": 0.6328125,
      "K": 0.642578125,
      "V": 0.669921875
    }
  }
}