{
  "layer_0": {
    "block_0": {
      "Q": 0.640625,
      "K": 0.640625,
      "V": 1.0,
      "v_stable_rank": 60.00290298461914
    },
    "block_1": {
      "Q": 0.65625,
      "K": 0.671875,
      "V": 1.0,
      "v_stable_rank": 59.15707778930664
    }
  },
  "layer_1": {
    "block_0": {
      "Q": 0.640625,
      "K": 0.6328125,
      "V": 0.9921875,
      "v_stable_rank": 117.7461929321289
    },
    "block_1": {
      "Q": 0.6640625,
      "K": 0.65625,
      "V": 0.984375,
      "v_stable_rank": 113.53826141357422
    }
  },
  "layer_2": {
    "block_0": {
      "Q": 0.55859375,
      "K": 0.546875,
      "V": 0.98828125,
      "v_stable_rank": 232.5325164794922
    },
    "block_1": {
      "Q": 0.6484375,
      "K": 0.65234375,
      "V": 0.984375,
      "v_stable_rank": 227.10659790039062
    },
    "block_2": {
      "Q": 0.66796875,
      "K": 0.6796875,
      "V": 0.984375,
      "v_stable_rank": 224.49720764160156
    },
    "block_3": {
      "Q": 0.671875,
      "K": 0.6875,
      "V": 0.984375,
      "v_stable_rank": 224.38450622558594
    },
    "block_4": {
      "Q": 0.6796875,
      "K": 0.6953125,
      "V": 0.98046875,
      "v_stable_rank": 223.4872589111328
    },
    "block_5": {
      "Q": 0.6875,
      "K": 0.69140625,
      "V": 0.98046875,
      "v_stable_rank": 223.4705047607422
    },
    "block_6": {
      "Q": 0.68359375,
      "K": 0.69140625,
      "V": 0.97265625,
      "v_stable_rank": 218.77403259277344
    },
    "block_7": {
      "Q": 0.68359375,
      "K": 0.703125,
      "V": 0.98046875,
      "v_stable_rank": 220.6117706298828
    }
  },
  "layer_3": {
    "block_0": {
      "Q": 0.546875,
      "K": 0.568359375,
      "V": 0.9765625,
      "v_stable_rank": 434.00714111328125
    },
    "block_1": {
      "Q": 0.6953125,
      "K": 0.703125,
      "V": 0.974609375,
      "v_stable_rank": 438.31817626953125
    }
  }
}