{
    "layer_0": {
      "block_0": {
        "Q": 0.984375,
        "K": 0.984375,
        "V": 0.984375,
        "v_stable_rank": 35.62711715698242
      },
      "block_1": {
        "Q": 0.984375,
        "K": 0.984375,
        "V": 0.984375,
        "v_stable_rank": 34.22803497314453
      }
    },
    "layer_1": {
      "block_0": {
        "Q": 0.984375,
        "K": 0.984375,
        "V": 0.984375,
        "v_stable_rank": 63.7978401184082
      },
      "block_1": {
        "Q": 0.984375,
        "K": 0.984375,
        "V": 0.984375,
        "v_stable_rank": 67.73219299316406
      }
    },
    "layer_2": {
      "block_0": {
        "Q": 0.98046875,
        "K": 0.9765625,
        "V": 0.9609375,
        "v_stable_rank": 119.2759780883789
      },
      "block_1": {
        "Q": 0.97265625,
        "K": 0.98046875,
        "V": 0.94140625,
        "v_stable_rank": 118.9568099975586
      },
      "block_2": {
        "Q": 0.9765625,
        "K": 0.98046875,
        "V": 0.94140625,
        "v_stable_rank": 115.11456298828125
      },
      "block_3": {
        "Q": 0.9765625,
        "K": 0.9765625,
        "V": 0.953125,
        "v_stable_rank": 118.52323913574219
      },
      "block_4": {
        "Q": 0.9765625,
        "K": 0.9765625,
        "V": 0.94921875,
        "v_stable_rank": 122.45343017578125
      },
      "block_5": {
        "Q": 0.9765625,
        "K": 0.9765625,
        "V": 0.9609375,
        "v_stable_rank": 121.8190689086914
      },
      "block_6": {
        "Q": 0.9765625,
        "K": 0.9765625,
        "V": 0.95703125,
        "v_stable_rank": 126.88722229003906
      },
      "block_7": {
        "Q": 0.9765625,
        "K": 0.9765625,
        "V": 0.95703125,
        "v_stable_rank": 126.65923309326172
      }
    },
    "layer_3": {
      "block_0": {
        "Q": 0.953125,
        "K": 0.947265625,
        "V": 0.810546875,
        "v_stable_rank": 218.05715942382812
      },
      "block_1": {
        "Q": 0.927734375,
        "K": 0.927734375,
        "V": 0.8515625,
        "v_stable_rank": 197.26097106933594
      }
    }
  }